{
  "availableToAllPages": true,
  "config": {
    "displayMiniCart": true,
    "logoAltText": "Logo Alternative Text",
    "logoImage": "/img/logo.png",
    "logoPageLink": "home",
    "miniCartDuration": "5",
    "miniCartNumberOfItems": "3",
    "requiredLinks": [
      "home",
      "aboutUs",
      "returns",
      "shipping",
      "contactUs",
      "privacy"
    ]
  },
  "defaultLayout": "headerWidget_v3_lyt1",
  "global": false,
  "globalEnabled": true,
  "i18nresources": "header",
  "imports": [],
  "javascript": "header",
  "jsEditable": true,
  "minWidth": 1,
  "name": "Header Widget Uniceu",
  "source": 100,
  "version": 4,
  "widgetFamily": "headerWidget",
  "widgetType": "headerWidget",
  "translations": [
    {
      "language": "en_US",
      "name": "Head Widget Uniceu",
      "description": "Head Widget of Uniceu"
    },
    {
      "language": "zh_CN",
      "name": "订单详情",
      "description": "订单详情"
    }
  ]
}